{
	"pages": ["fonts/msdf/manifold-0.png"],
	"chars": [
		{
			"id": 87,
			"width": 78,
			"height": 68,
			"xoffset": -14.232,
			"yoffset": -0.4000000000000057,
			"xadvance": 49.244,
			"chnl": 15,
			"x": 0,
			"y": 0,
			"page": 0
		},
		{
			"id": 41,
			"width": 45,
			"height": 77,
			"xoffset": -13.14,
			"yoffset": -5.392000000000003,
			"xadvance": 18.355999999999998,
			"chnl": 15,
			"x": 0,
			"y": 70,
			"page": 0
		},
		{
			"id": 40,
			"width": 45,
			"height": 77,
			"xoffset": -13.14,
			"yoffset": -5.392000000000003,
			"xadvance": 18.355999999999998,
			"chnl": 15,
			"x": 0,
			"y": 149,
			"page": 0
		},
		{
			"id": 81,
			"width": 59,
			"height": 74,
			"xoffset": -12.672,
			"yoffset": -0.6600000000000037,
			"xadvance": 33.748,
			"chnl": 15,
			"x": 0,
			"y": 228,
			"page": 0
		},
		{
			"id": 37,
			"width": 70,
			"height": 68,
			"xoffset": -13.92,
			"yoffset": -0.4000000000000057,
			"xadvance": 42.12,
			"chnl": 15,
			"x": 0,
			"y": 304,
			"page": 0
		},
		{
			"id": 50,
			"width": 58,
			"height": 69,
			"xoffset": -13.4,
			"yoffset": -0.6600000000000037,
			"xadvance": 31.252,
			"chnl": 15,
			"x": 0,
			"y": 374,
			"page": 0
		},
		{
			"id": 83,
			"width": 58,
			"height": 69,
			"xoffset": -13.452,
			"yoffset": -0.6600000000000037,
			"xadvance": 31.459999999999997,
			"chnl": 15,
			"x": 60,
			"y": 374,
			"page": 0
		},
		{
			"id": 85,
			"width": 59,
			"height": 69,
			"xoffset": -12.672,
			"yoffset": -0.4000000000000057,
			"xadvance": 33.748,
			"chnl": 15,
			"x": 120,
			"y": 374,
			"page": 0
		},
		{
			"id": 71,
			"width": 59,
			"height": 69,
			"xoffset": -12.672,
			"yoffset": -0.6600000000000037,
			"xadvance": 33.54,
			"chnl": 15,
			"x": 181,
			"y": 374,
			"page": 0
		},
		{
			"id": 48,
			"width": 58,
			"height": 69,
			"xoffset": -12.672,
			"yoffset": -0.6600000000000037,
			"xadvance": 32.448,
			"chnl": 15,
			"x": 242,
			"y": 374,
			"page": 0
		},
		{
			"id": 67,
			"width": 59,
			"height": 69,
			"xoffset": -12.672,
			"yoffset": -0.6600000000000037,
			"xadvance": 33.019999999999996,
			"chnl": 15,
			"x": 302,
			"y": 374,
			"page": 0
		},
		{
			"id": 51,
			"width": 58,
			"height": 69,
			"xoffset": -13.452,
			"yoffset": -0.6600000000000037,
			"xadvance": 30.628,
			"chnl": 15,
			"x": 363,
			"y": 374,
			"page": 0
		},
		{
			"id": 53,
			"width": 58,
			"height": 69,
			"xoffset": -13.4,
			"yoffset": -0.4000000000000057,
			"xadvance": 30.732,
			"chnl": 15,
			"x": 423,
			"y": 374,
			"page": 0
		},
		{
			"id": 54,
			"width": 58,
			"height": 69,
			"xoffset": -12.672,
			"yoffset": -0.6600000000000037,
			"xadvance": 31.616,
			"chnl": 15,
			"x": 61,
			"y": 228,
			"page": 0
		},
		{
			"id": 56,
			"width": 58,
			"height": 69,
			"xoffset": -12.672,
			"yoffset": -0.6600000000000037,
			"xadvance": 32.396,
			"chnl": 15,
			"x": 121,
			"y": 228,
			"page": 0
		},
		{
			"id": 57,
			"width": 58,
			"height": 69,
			"xoffset": -13.452,
			"yoffset": -0.6600000000000037,
			"xadvance": 31.616,
			"chnl": 15,
			"x": 181,
			"y": 228,
			"page": 0
		},
		{
			"id": 74,
			"width": 47,
			"height": 69,
			"xoffset": -13.972,
			"yoffset": -0.4000000000000057,
			"xadvance": 19.968,
			"chnl": 15,
			"x": 241,
			"y": 228,
			"page": 0
		},
		{
			"id": 79,
			"width": 59,
			"height": 69,
			"xoffset": -12.672,
			"yoffset": -0.6600000000000037,
			"xadvance": 33.748,
			"chnl": 15,
			"x": 290,
			"y": 228,
			"page": 0
		},
		{
			"id": 63,
			"width": 58,
			"height": 69,
			"xoffset": -14.18,
			"yoffset": -0.6600000000000037,
			"xadvance": 29.38,
			"chnl": 15,
			"x": 351,
			"y": 228,
			"page": 0
		},
		{
			"id": 88,
			"width": 58,
			"height": 68,
			"xoffset": -13.504,
			"yoffset": -0.4000000000000057,
			"xadvance": 30.991999999999997,
			"chnl": 15,
			"x": 72,
			"y": 304,
			"page": 0
		},
		{
			"id": 72,
			"width": 58,
			"height": 68,
			"xoffset": -12.672,
			"yoffset": -0.4000000000000057,
			"xadvance": 32.967999999999996,
			"chnl": 15,
			"x": 132,
			"y": 304,
			"page": 0
		},
		{
			"id": 86,
			"width": 61,
			"height": 68,
			"xoffset": -14.18,
			"yoffset": -0.4000000000000057,
			"xadvance": 32.552,
			"chnl": 15,
			"x": 192,
			"y": 304,
			"page": 0
		},
		{
			"id": 73,
			"width": 39,
			"height": 68,
			"xoffset": -12.672,
			"yoffset": -0.4000000000000057,
			"xadvance": 13.52,
			"chnl": 15,
			"x": 255,
			"y": 304,
			"page": 0
		},
		{
			"id": 66,
			"width": 58,
			"height": 68,
			"xoffset": -12.672,
			"yoffset": -0.4000000000000057,
			"xadvance": 31.668,
			"chnl": 15,
			"x": 296,
			"y": 304,
			"page": 0
		},
		{
			"id": 89,
			"width": 60,
			"height": 68,
			"xoffset": -14.128,
			"yoffset": -0.4000000000000057,
			"xadvance": 31.407999999999998,
			"chnl": 15,
			"x": 356,
			"y": 304,
			"page": 0
		},
		{
			"id": 90,
			"width": 55,
			"height": 68,
			"xoffset": -13.712,
			"yoffset": -0.4000000000000057,
			"xadvance": 27.663999999999998,
			"chnl": 15,
			"x": 418,
			"y": 304,
			"page": 0
		},
		{
			"id": 68,
			"width": 58,
			"height": 68,
			"xoffset": -12.672,
			"yoffset": -0.4000000000000057,
			"xadvance": 32.967999999999996,
			"chnl": 15,
			"x": 411,
			"y": 228,
			"page": 0
		},
		{
			"id": 49,
			"width": 44,
			"height": 68,
			"xoffset": -14.18,
			"yoffset": -0.4000000000000057,
			"xadvance": 17.628,
			"chnl": 15,
			"x": 47,
			"y": 149,
			"page": 0
		},
		{
			"id": 75,
			"width": 59,
			"height": 68,
			"xoffset": -12.672,
			"yoffset": -0.4000000000000057,
			"xadvance": 32.552,
			"chnl": 15,
			"x": 93,
			"y": 149,
			"page": 0
		},
		{
			"id": 76,
			"width": 53,
			"height": 68,
			"xoffset": -12.672,
			"yoffset": -0.4000000000000057,
			"xadvance": 26.624,
			"chnl": 15,
			"x": 154,
			"y": 149,
			"page": 0
		},
		{
			"id": 52,
			"width": 57,
			"height": 68,
			"xoffset": -14.232,
			"yoffset": -0.4000000000000057,
			"xadvance": 29.171999999999997,
			"chnl": 15,
			"x": 209,
			"y": 149,
			"page": 0
		},
		{
			"id": 77,
			"width": 66,
			"height": 68,
			"xoffset": -12.672,
			"yoffset": -0.4000000000000057,
			"xadvance": 40.924,
			"chnl": 15,
			"x": 268,
			"y": 149,
			"page": 0
		},
		{
			"id": 78,
			"width": 60,
			"height": 68,
			"xoffset": -12.672,
			"yoffset": -0.4000000000000057,
			"xadvance": 34.32,
			"chnl": 15,
			"x": 336,
			"y": 149,
			"page": 0
		},
		{
			"id": 55,
			"width": 56,
			"height": 68,
			"xoffset": -13.66,
			"yoffset": -0.4000000000000057,
			"xadvance": 28.444,
			"chnl": 15,
			"x": 398,
			"y": 149,
			"page": 0
		},
		{
			"id": 69,
			"width": 55,
			"height": 68,
			"xoffset": -12.672,
			"yoffset": -0.4000000000000057,
			"xadvance": 27.663999999999998,
			"chnl": 15,
			"x": 456,
			"y": 149,
			"page": 0
		},
		{
			"id": 80,
			"width": 58,
			"height": 68,
			"xoffset": -12.672,
			"yoffset": -0.4000000000000057,
			"xadvance": 32.032,
			"chnl": 15,
			"x": 47,
			"y": 70,
			"page": 0
		},
		{
			"id": 70,
			"width": 54,
			"height": 68,
			"xoffset": -12.672,
			"yoffset": -0.4000000000000057,
			"xadvance": 27.352,
			"chnl": 15,
			"x": 107,
			"y": 70,
			"page": 0
		},
		{
			"id": 33,
			"width": 39,
			"height": 68,
			"xoffset": -12.672,
			"yoffset": -0.4000000000000057,
			"xadvance": 13.52,
			"chnl": 15,
			"x": 471,
			"y": 228,
			"page": 0
		},
		{
			"id": 82,
			"width": 58,
			"height": 68,
			"xoffset": -12.672,
			"yoffset": -0.4000000000000057,
			"xadvance": 32.083999999999996,
			"chnl": 15,
			"x": 163,
			"y": 70,
			"page": 0
		},
		{
			"id": 65,
			"width": 61,
			"height": 68,
			"xoffset": -14.18,
			"yoffset": -0.4000000000000057,
			"xadvance": 32.552,
			"chnl": 15,
			"x": 223,
			"y": 70,
			"page": 0
		},
		{
			"id": 33,
			"width": 39,
			"height": 68,
			"xoffset": -12.672,
			"yoffset": -0.4000000000000057,
			"xadvance": 13.52,
			"chnl": 15,
			"x": 286,
			"y": 70,
			"page": 0
		},
		{
			"id": 84,
			"width": 56,
			"height": 68,
			"xoffset": -13.712,
			"yoffset": -0.4000000000000057,
			"xadvance": 28.496,
			"chnl": 15,
			"x": 327,
			"y": 70,
			"page": 0
		},
		{
			"id": 36,
			"width": 52,
			"height": 65,
			"xoffset": -13.4,
			"yoffset": -0.4000000000000057,
			"xadvance": 25.427999999999997,
			"chnl": 15,
			"x": 0,
			"y": 445,
			"page": 0
		},
		{
			"id": 45,
			"width": 48,
			"height": 38,
			"xoffset": -13.4,
			"yoffset": 19.879999999999995,
			"xadvance": 21.215999999999998,
			"chnl": 15,
			"x": 54,
			"y": 445,
			"page": 0
		},
		{
			"id": 44,
			"width": 41,
			"height": 47,
			"xoffset": -14.7,
			"yoffset": 29.136,
			"xadvance": 12.116,
			"chnl": 15,
			"x": 385,
			"y": 70,
			"page": 0
		},
		{
			"id": 46,
			"width": 39,
			"height": 39,
			"xoffset": -14.18,
			"yoffset": 29.136,
			"xadvance": 10.504,
			"chnl": 15,
			"x": 428,
			"y": 70,
			"page": 0
		},
		{
			"id": 32,
			"width": 0,
			"height": 0,
			"xoffset": -16,
			"yoffset": 36,
			"xadvance": 10.4,
			"chnl": 15,
			"x": 0,
			"y": 512,
			"page": 0
		}
	],
	"info": {
		"face": "Manifold CF Extra Bold",
		"size": 52,
		"bold": 0,
		"italic": 0,
		"charset": [
			"A",
			"B",
			"C",
			"D",
			"E",
			"F",
			"G",
			"H",
			"I",
			"J",
			"K",
			"L",
			"M",
			"N",
			"O",
			"P",
			"Q",
			"R",
			"S",
			"T",
			"U",
			"V",
			"W",
			"X",
			"Y",
			"Z",
			"0",
			"1",
			"2",
			"3",
			"4",
			"5",
			"6",
			"7",
			"8",
			"9",
			".",
			"!",
			",",
			"?",
			"!",
			"%",
			"(",
			")",
			"$",
			"-",
			" "
		],
		"unicode": 1,
		"stretchH": 100,
		"smooth": 1,
		"aa": 1,
		"padding": [0, 0, 0, 0],
		"spacing": [2, 2]
	},
	"common": {
		"lineHeight": 62.4,
		"base": 52,
		"scaleW": 512,
		"scaleH": 512,
		"pages": 1,
		"packed": 0,
		"alphaChnl": 0,
		"redChnl": 0,
		"greenChnl": 0,
		"blueChnl": 0
	},
	"kernings": [
		{ "first": 49, "second": 52, "amount": 0.104 },
		{ "first": 50, "second": 49, "amount": -0.52 },
		{ "first": 52, "second": 55, "amount": -1.04 },
		{ "first": 53, "second": 49, "amount": -0.52 },
		{ "first": 55, "second": 48, "amount": 0.208 },
		{ "first": 55, "second": 52, "amount": -3.2239999999999998 },
		{ "first": 55, "second": 56, "amount": -1.04 }
	]
}
